{"cameraMode":{"drawMode":0,"name":"Shaded","section":"Shading Mode"},"sceneLighting":true,"audioPlay":false,"sceneViewState":{"m_AlwaysRefresh":false,"showFog":true,"showSkybox":true,"showFlares":true,"showImageEffects":true,"showParticleSystems":true,"showVisualEffectGraphs":true,"m_FxEnabled":true},"in2DMode":false,"pivot":{"x":547.703857421875,"y":244.62757873535157,"z":21.340599060058595},"rotation":{"x":0.058777403086423877,"y":-0.007157472427934408,"z":0.0005109993508085609,"w":0.9983009696006775},"size":334.45947265625,"orthographic":true}