{"cameraMode":{"drawMode":0,"name":"Shaded","section":"Shading Mode"},"sceneLighting":true,"audioPlay":false,"sceneViewState":{"m_AlwaysRefresh":false,"showFog":true,"showSkybox":true,"showFlares":true,"showImageEffects":true,"showParticleSystems":true,"showVisualEffectGraphs":true,"m_FxEnabled":true},"in2DMode":false,"pivot":{"x":564.9129028320313,"y":308.71405029296877,"z":23.80290985107422},"rotation":{"x":0.14826145768165589,"y":-0.010052519850432873,"z":0.0015843483852222562,"w":0.9889559149742127},"size":488.99566650390627,"orthographic":true}